<?xml version="1.0" encoding="UTF-8"?>
<project-private xmlns="http://www.netbeans.org/ns/project-private/1">
    <editor-bookmarks xmlns="http://www.netbeans.org/ns/editor-bookmarks/2" lastBookmarkId="0"/>
    <open-files xmlns="http://www.netbeans.org/ns/projectui-open-files/2">
        <group>
            <file>file:/C:/Users/cri_1/OneDrive/Escritorio/Obligatorio1_AED1/Obligatorio1_AED1/Segunda%20Entrega/SistemaBiblioteca%20Ago2024/src/dominio/ListaDobleLibro.java</file>
            <file>file:/C:/Users/cri_1/OneDrive/Escritorio/Obligatorio1_AED1/Obligatorio1_AED1/Segunda%20Entrega/SistemaBiblioteca%20Ago2024/src/dominio/Prestamo.java</file>
            <file>file:/C:/Users/cri_1/OneDrive/Escritorio/Obligatorio1_AED1/Obligatorio1_AED1/Segunda%20Entrega/SistemaBiblioteca%20Ago2024/src/dominio/ListaDoblePrestamo.java</file>
            <file>file:/C:/Users/cri_1/OneDrive/Escritorio/Obligatorio1_AED1/Obligatorio1_AED1/Segunda%20Entrega/SistemaBiblioteca%20Ago2024/src/dominio/Libro.java</file>
            <file>file:/C:/Users/cri_1/OneDrive/Escritorio/Obligatorio1_AED1/Obligatorio1_AED1/Segunda%20Entrega/SistemaBiblioteca%20Ago2024/src/dominio/CategoriaPrestamos.java</file>
            <file>file:/C:/Users/cri_1/OneDrive/Escritorio/Obligatorio1_AED1/Obligatorio1_AED1/Segunda%20Entrega/SistemaBiblioteca%20Ago2024/src/dominio/Estudiante.java</file>
            <file>file:/C:/Users/cri_1/OneDrive/Escritorio/Obligatorio1_AED1/Obligatorio1_AED1/Segunda%20Entrega/SistemaBiblioteca%20Ago2024/src/sistemaAutogestion/Sistema.java</file>
            <file>file:/C:/Users/cri_1/OneDrive/Escritorio/Obligatorio1_AED1/Obligatorio1_AED1/Segunda%20Entrega/SistemaBiblioteca%20Ago2024/src/sistemaAutogestion/JuegoDePrueba.java</file>
        </group>
    </open-files>
</project-private>
